Country Name,Country Code,Indicator Name,Indicator Code,1960,1961,1962,1963,1964,1965,1966,1967,1968,1969,1970,1971,1972,1973,1974,1975,1976,1977,1978,1979,1980,1981,1982,1983,1984,1985,1986,1987,1988,1989,1990,1991,1992,1993,1994,1995,1996,1997,1998,1999,2000,2001,2002,2003,2004,2005,2006,2007,2008,2009,2010,2011,2012,2013,2014,2015,2016
Aruba,ABW,"Intentional homicides (per 100,000 people)",VC.IHR.PSRC.P5,,,,,,,,,,,,,,,,,,,,,,,,,,,,,,,,,,,,,,,,,,,5.3,4.1,2,12,9.9,5.9,4.9,3.9,3.9,,,,,,
Andorra,AND,"Intentional homicides (per 100,000 people)",VC.IHR.PSRC.P5,,,,,,,,,,,,,,,,,,,,,,,,,,,,,,,,,,,,,,,,,,,,,1.3,,,0,1.2,1.2,1.2,1.2,0,0,0,,
Afghanistan,AFG,"Intentional homicides (per 100,000 people)",VC.IHR.PSRC.P5,,,,,,,,,,,,,,,,,,,,,,,,,,,,,,,,,,,,,,,,,,,,,,,,,,4.1,3.5,4.3,6.6,,,,
Angola,AGO,"Intentional homicides (per 100,000 people)",VC.IHR.PSRC.P5,,,,,,,,,,,,,,,,,,,,,,,,,,,,,,,,,,,,,,,,,,,,,,,,,,,,,9.8,,,,
Albania,ALB,"Intentional homicides (per 100,000 people)",VC.IHR.PSRC.P5,,,,,,,,,,,,,,,,,,,,,,,,,,,,,,,,,,,,6.685551759,7.967623178,49.87221458,18.60971466,16.14202377,,,,,,5,3.1,3.5,3.1,2.9,4.4,4.9,5.5,4.3,4,,
Arab World,ARB,"Intentional homicides (per 100,000 people)",VC.IHR.PSRC.P5,,,,,,,,,,,,,,,,,,,,,,,,,,,,,,,,,,,,,,,,,,,,,,,,,,,,,4.7,,4.2,,
United Arab Emirates,ARE,"Intentional homicides (per 100,000 people)",VC.IHR.PSRC.P5,,,,,,,,,,,,,,,,,,,,,,,,,,,,,,,,,,,,,,,,,,,,,,,,,,,0.8,0.6,0.8,0.6,0.7,,
Argentina,ARG,"Intentional homicides (per 100,000 people)",VC.IHR.PSRC.P5,,,,,,,,,,,,,,,,,,,,,,,,,,,,,,,,,,,,7.812329652,8.504521183,9.141835337,7.21468335,7.301381688,,,,,,,,,,,,,,,7.6,,
Armenia,ARM,"Intentional homicides (per 100,000 people)",VC.IHR.PSRC.P5,,,,,,,,,,,,,,,,,,,,,,,,,,,,,,,,,,,,3.598938065,3.59373744,3.189959539,2.991218362,2.912033298,,,,,2.7,1.9,2.6,2.6,3.3,3.3,1.9,2.4,2.2,2,,,
American Samoa,ASM,"Intentional homicides (per 100,000 people)",VC.IHR.PSRC.P5,,,,,,,,,,,,,,,,,,,,,,,,,,,,,,,,,,,,,,,,,,,,,,,,,,,,,,,,,
Antigua and Barbuda,ATG,"Intentional homicides (per 100,000 people)",VC.IHR.PSRC.P5,,,,,,,,,,,,,,,,,,,,,,,,,,,,,,,,,,,,,,,,,6.4,8.9,6.2,6.2,4.9,3.6,13.2,20.1,18.7,18.5,6.9,,11.2,,,,
Australia,AUS,"Intentional homicides (per 100,000 people)",VC.IHR.PSRC.P5,,,,,,,,,,,,,,,,,,,,,,,,,,,,,,,,,,,,1.799274285,1.703090514,1.732779211,1.52122688,1.810227564,1.9,1.8,1.9,1.7,1.5,1.3,1.4,1.2,1.2,1.2,1.1,1.1,1.1,1.1,1,,
Austria,AUT,"Intentional homicides (per 100,000 people)",VC.IHR.PSRC.P5,,,,,,,,,,,,,,,,,,,,,,,,,,,,,,,,,,,,1.033315087,1.243646099,0.827944066,0.965382027,0.751437688,1,0.9,0.8,0.6,0.7,0.7,0.7,0.5,0.7,0.6,0.7,0.9,1,0.7,0.5,,
Azerbaijan,AZE,"Intentional homicides (per 100,000 people)",VC.IHR.PSRC.P5,,,,,,,,,,,,,,,,,,,,,,,,,,,,,,,,,,,,,,,,,2.8,2.7,2.6,2.2,2.4,2.2,2.2,2,1.9,1.8,2.1,,2.2,2.3,2.5,,
Burundi,BDI,"Intentional homicides (per 100,000 people)",VC.IHR.PSRC.P5,,,,,,,,,,,,,,,,,,,,,,,,,,,,,,,,,,,,,,,,,,,,,,,,,3.9,4.1,3.7,3.6,4.5,4,4,,
Belgium,BEL,"Intentional homicides (per 100,000 people)",VC.IHR.PSRC.P5,,,,,,,,,,,,,,,,,,,,,,,,,,,,,,,,,,,,,,,,,2.1,2.7,3.1,2.2,2.6,2.1,2.1,2,1.9,1.7,1.7,1.9,1.8,1.8,1.8,,
Benin,BEN,"Intentional homicides (per 100,000 people)",VC.IHR.PSRC.P5,,,,,,,,,,,,,,,,,,,,,,,,,,,,,,,,,,,,,,,,,,,,,,,,,,,,,6.3,,,,
Burkina Faso,BFA,"Intentional homicides (per 100,000 people)",VC.IHR.PSRC.P5,,,,,,,,,,,,,,,,,,,,,,,,,,,,,,,,,,,,,,,,,,,,,,0.6,0.7,0.8,0.9,0.6,0.6,0.6,0.7,,,,
Bangladesh,BGD,"Intentional homicides (per 100,000 people)",VC.IHR.PSRC.P5,,,,,,,,,,,,,,,,,,,,,,,,,,,,,,,,,,,,,,,,,2.5,2.7,2.6,2.5,2.8,2.5,2.9,2.6,2.8,2.8,2.6,2.6,2.6,2.8,2.8,,
Bulgaria,BGR,"Intentional homicides (per 100,000 people)",VC.IHR.PSRC.P5,,,,,,,,,,,,,,,,,,,,,,,,,,,,,,,,,,,,5.911478128,5.294323917,4.854837907,4.686183164,4.053530904,,,,3.2,3.2,2.6,2.4,2.3,2.3,2,2,1.7,1.9,1.5,1.6,,
Bahrain,BHR,"Intentional homicides (per 100,000 people)",VC.IHR.PSRC.P5,,,,,,,,,,,,,,,,,,,,,,,,,,,,,,,,,,,,,,,,,,1.3,1.1,0.4,0.9,0.5,0.7,0.4,0.5,1.1,0.9,0.5,,,,,
"Bahamas, The",BHS,"Intentional homicides (per 100,000 people)",VC.IHR.PSRC.P5,,,,,,,,,,,,,,,,,,,,,,,,,,,,,,,,,,,,,,,,,24.8,14.2,16.8,15.8,13.6,15.8,18.2,22.8,20.9,24.5,26.1,34.6,29.8,,,,
Bosnia and Herzegovina,BIH,"Intentional homicides (per 100,000 people)",VC.IHR.PSRC.P5,,,,,,,,,,,,,,,,,,,,,,,,,,,,,,,,,,,,,,,,,,,,,,,,,,1.9,1.5,1.3,1.6,1.2,1.3,,
Belarus,BLR,"Intentional homicides (per 100,000 people)",VC.IHR.PSRC.P5,,,,,,,,,,,,,,,,,,,,,,,,,,,,,,,,,,,,9.343764998,9.468630233,10.00550548,10.19945145,9.636391446,10.2,9.8,10.1,9,8.4,8.6,7.7,6.8,5.7,5,5.1,3.9,3.6,3.5,3.6,,
Belize,BLZ,"Intentional homicides (per 100,000 people)",VC.IHR.PSRC.P5,,,,,,,,,,,,,,,,,,,,,,,,,,,,,,,,,,,,,,,,,16.6,25.1,33.2,24.9,28.6,28.6,31.6,32.5,33.6,61.8,40.1,37.7,43.1,28.8,34.4,,
Bermuda,BMU,"Intentional homicides (per 100,000 people)",VC.IHR.PSRC.P5,,,,,,,,,,,,,,,,,,,,,,,,,,,,,,,,,,,,,6.482877101,3.226326827,0,3.197186476,0,4.7,1.5,3.1,1.5,3.1,4.6,4.6,7.7,9.3,10.9,12.6,7.9,4.8,,,
Bolivia,BOL,"Intentional homicides (per 100,000 people)",VC.IHR.PSRC.P5,,,,,,,,,,,,,,,,,,,,,,,,,,,,,,,,,,,,,,,,,,,,,,7.2,6.4,8.3,8.9,8.6,10.6,10.2,12.4,,,,
Brazil,BRA,"Intentional homicides (per 100,000 people)",VC.IHR.PSRC.P5,,,,,,,,,,,,,,,,,,,,,,,,,,,,,,,,,,,,,,,,,,,,,,,,,,,20.9,21.5,23.8,23.6,24.6,,
Barbados,BRB,"Intentional homicides (per 100,000 people)",VC.IHR.PSRC.P5,,,,,,,,,,,,,,,,,,,,,,,,,,,,,,,,,,,,,,,7.520465066,8.622046949,7.4,9.2,9.2,12.1,8.1,10.6,12.7,9.8,9,6.8,11.1,9.6,7.8,8.5,8.8,,
Brunei Darussalam,BRN,"Intentional homicides (per 100,000 people)",VC.IHR.PSRC.P5,,,,,,,,,,,,,,,,,,,,,,,,,,,,,,,,,,,,,,,,,,,,0.9,0.6,0.6,0.8,0.8,0.3,0.8,0.3,,,0.5,,,
Bhutan,BTN,"Intentional homicides (per 100,000 people)",VC.IHR.PSRC.P5,,,,,,,,,,,,,,,,,,,,,,,,,,,,,,,,,,,,,,,,,,,,,,,,,2,1.4,1.9,3,3.9,2.5,2.7,,
Botswana,BWA,"Intentional homicides (per 100,000 people)",VC.IHR.PSRC.P5,,,,,,,,,,,,,,,,,,,,,,,,,,,,,,,,,,,,,,,,,,12.1,14.3,17.2,14.1,15.6,13.8,14.5,14.3,14.4,14.8,,,,,,
Central African Republic,CAF,"Intentional homicides (per 100,000 people)",VC.IHR.PSRC.P5,,,,,,,,,,,,,,,,,,,,,,,,,,,,,,,,,,,,,,,,,,,,,,,,,,,,,13.2,,,,
Canada,CAN,"Intentional homicides (per 100,000 people)",VC.IHR.PSRC.P5,,,,,,,,,,,,,,,,,,,,,,,,,,,,,,,,,,,,1.836046382,1.943734991,1.752079598,1.680283159,1.586370484,1.6,1.8,1.7,1.7,1.7,1.8,1.7,1.6,1.7,1.6,1.4,1.5,1.6,1.4,,,
Central Europe and the Baltics,CEB,"Intentional homicides (per 100,000 people)",VC.IHR.PSRC.P5,,,,,,,,,,,,,,,,,,,,,,,,,,,,,,,,,,,,,,,,,,,,,,,,,,,,,1.6,,1.3,,
Switzerland,CHE,"Intentional homicides (per 100,000 people)",VC.IHR.PSRC.P5,,,,,,,,,,,,,,,,,,,,,,,,,,,,,,,,,,,,1.168307188,1.175477056,1.226996807,1.068474,1.247067989,0.96,1.2,1.2,1,1.1,1,0.8,0.7,0.7,0.7,0.7,0.6,0.6,0.7,0.5,,
Channel Islands,CHI,"Intentional homicides (per 100,000 people)",VC.IHR.PSRC.P5,,,,,,,,,,,,,,,,,,,,,,,,,,,,,,,,,,,,,,,,,,,,,,,,,,,,,,,,,
Chile,CHL,"Intentional homicides (per 100,000 people)",VC.IHR.PSRC.P5,,,,,,,,,,,,,,,,,,,,,,,,,,,,,,,,,,,,,,,,,,,,3.3,,3.6,3.6,3.7,3.5,3.7,3.2,3.7,2.5,3.2,3.6,,
China,CHN,"Intentional homicides (per 100,000 people)",VC.IHR.PSRC.P5,,,,,,,,,,,,,,,,,,,,,,,,,,,,,,,,,,,,,,,,,,,2,1.9,1.9,1.6,1.4,1.2,1.1,1.1,1,0.9,0.8,,,,
Cote d'Ivoire,CIV,"Intentional homicides (per 100,000 people)",VC.IHR.PSRC.P5,,,,,,,,,,,,,,,,,,,,,,,,,,,,,,,,,,,,,,,,,,,,,,,,,,,,,11.4,,,,
Cameroon,CMR,"Intentional homicides (per 100,000 people)",VC.IHR.PSRC.P5,,,,,,,,,,,,,,,,,,,,,,,,,,,,,,,,,,,,,,,,,,,,,,,,,3.2,5.1,3.5,2.6,2.7,,,,
"Congo, Rep.",COG,"Intentional homicides (per 100,000 people)",VC.IHR.PSRC.P5,,,,,,,,,,,,,,,,,,,,,,,,,,,,,,,,,,,,,,,,,,,,,,,,,,,,,10.5,,,,
Colombia,COL,"Intentional homicides (per 100,000 people)",VC.IHR.PSRC.P5,,,,,,,,,,,,,,,,,,,,,,,,,,,,,,,,,,,,69.67263381,71.78689966,67.18454989,60.08465495,62.29244855,65.7,67.9,68.3,53.4,44.6,39.5,36.8,34.8,33.2,34,32.7,34.1,31.3,32.6,27.9,,
Comoros,COM,"Intentional homicides (per 100,000 people)",VC.IHR.PSRC.P5,,,,,,,,,,,,,,,,,,,,,,,,,,,,,,,,,,,,,,,,,,,,,,,,,,,,,7.8,,,,
Cabo Verde,CPV,"Intentional homicides (per 100,000 people)",VC.IHR.PSRC.P5,,,,,,,,,,,,,,,,,,,,,,,,,,,,,,,,,,,,,,,,,,,,,,,,6,7,7.8,8,10.7,11.2,10.6,,,
Costa Rica,CRI,"Intentional homicides (per 100,000 people)",VC.IHR.PSRC.P5,,,,,,,,,,,,,,,,,,,,,,,,,,,,,,,,,,,,5.304247607,5.313324497,5.756163961,5.988379336,6.394355846,6.3,6.4,6.3,7.3,6.7,7.9,8.1,8.4,11.6,11.7,11.6,10.3,8.7,8.7,10,,
Caribbean small states,CSS,"Intentional homicides (per 100,000 people)",VC.IHR.PSRC.P5,,,,,,,,,,,,,,,,,,,,,,,,,,,,,,,,,,,,,,,,,,,,,,,,,,,,,29,,27.4,,
Cuba,CUB,"Intentional homicides (per 100,000 people)",VC.IHR.PSRC.P5,,,,,,,,,,,,,,,,,,,,,,,,,,,,,,,,,,,,,,,,,,5.4,5.9,5.7,5.9,6.1,5.1,5,4.6,5,4.5,4.7,,,,,
Curacao,CUW,"Intentional homicides (per 100,000 people)",VC.IHR.PSRC.P5,,,,,,,,,,,,,,,,,,,,,,,,,,,,,,,,,,,,,,,,,,,,,,,,,,,,,,,,,
Cayman Islands,CYM,"Intentional homicides (per 100,000 people)",VC.IHR.PSRC.P5,,,,,,,,,,,,,,,,,,,,,,,,,,,,,,,,,,,,,,,2.8,,9.6,4.9,0,7.4,12.3,,2,3.9,7.6,14.7,,,,,,,
Cyprus,CYP,"Intentional homicides (per 100,000 people)",VC.IHR.PSRC.P5,,,,,,,,,,,,,,,,,,,,,,,,,,,,,,,,,,,,,,,,,,,,,1.6,1.9,1.4,1.2,0.8,1.7,0.7,0.8,1.9,1.1,0.1,,
Czech Republic,CZE,"Intentional homicides (per 100,000 people)",VC.IHR.PSRC.P5,,,,,,,,,,,,,,,,,,,,,,,,,,,,,,,,,,,,1.705535927,1.677979937,1.816242139,1.692819924,1.67635852,1.8,1.4,1.5,1.6,1.3,1.1,1.3,1.2,1.1,0.9,0.1,0.8,0.1,0.9,0.7,,
Germany,DEU,"Intentional homicides (per 100,000 people)",VC.IHR.PSRC.P5,,,,,,,,,,,,,,,,,,,,,,,,,,,,,,,,,,,,1.716110818,1.681258396,1.536573753,1.211893552,1.238742848,1.2,1.1,1.2,1.1,1.1,1.1,0.1,0.9,0.9,0.1,0.1,0.9,0.8,0.8,0.9,,
Djibouti,DJI,"Intentional homicides (per 100,000 people)",VC.IHR.PSRC.P5,,,,,,,,,,,,,,,,,,,,,,,,,,,,,,,,,,,,,,,,,,,,,,,,,,,,,7,,,,
Dominica,DMA,"Intentional homicides (per 100,000 people)",VC.IHR.PSRC.P5,,,,,,,,,,,,,,,,,,,,,,,,,,,,,,,,,,,,,,,,,2.9,1.4,12.9,11.4,11.4,11.3,7.1,9.9,9.9,18.3,21.1,8.4,,,,,
Denmark,DNK,"Intentional homicides (per 100,000 people)",VC.IHR.PSRC.P5,,,,,,,,,,,,,,,,,,,,,,,,,,,,,,,,,,,,1.146490097,1.312981986,1.667433433,0.924589534,0.977353957,1.1,0.97,1,1.2,0.8,0.98,0.5,0.7,0.98,0.9,0.8,0.8,0.7,0.7,1,,
Dominican Republic,DOM,"Intentional homicides (per 100,000 people)",VC.IHR.PSRC.P5,,,,,,,,,,,,,,,,,,,,,,,,,,,,,,,,,,,,12.7205747,12.81228708,12.6730333,13.46598308,12.60320798,14.1,12.6,14.5,21.2,24.6,25.9,22.9,22.2,24.8,24.3,25,25.1,22.3,,17.4,,
Algeria,DZA,"Intentional homicides (per 100,000 people)",VC.IHR.PSRC.P5,,,,,,,,,,,,,,,,,,,,,,,,,,,,,,,,,,,,,,,,,,,,2,1.4,0.6,0.9,0.8,0.9,0.8,0.7,0.8,1.3,1.3,1.5,,
East Asia & Pacific (excluding high income),EAP,"Intentional homicides (per 100,000 people)",VC.IHR.PSRC.P5,,,,,,,,,,,,,,,,,,,,,,,,,,,,,,,,,,,,,,,,,,,,,,,,,,,,,2.1,,1.6,,
Early-demographic dividend,EAR,"Intentional homicides (per 100,000 people)",VC.IHR.PSRC.P5,,,,,,,,,,,,,,,,,,,,,,,,,,,,,,,,,,,,,,,,,,,,,,,,,,,,,6.8,,6.3,,
East Asia & Pacific,EAS,"Intentional homicides (per 100,000 people)",VC.IHR.PSRC.P5,,,,,,,,,,,,,,,,,,,,,,,,,,,,,,,,,,,,,,,,,,,,,,,,,,,,,2,,1.5,,
Europe & Central Asia (excluding high income),ECA,"Intentional homicides (per 100,000 people)",VC.IHR.PSRC.P5,,,,,,,,,,,,,,,,,,,,,,,,,,,,,,,,,,,,,,,,,,,,,,,,,,,,,5.6,,5.5,,
Europe & Central Asia,ECS,"Intentional homicides (per 100,000 people)",VC.IHR.PSRC.P5,,,,,,,,,,,,,,,,,,,,,,,,,,,,,,,,,,,,,,,,,,,,,,,,,,,,,3.1,,3,,
Ecuador,ECU,"Intentional homicides (per 100,000 people)",VC.IHR.PSRC.P5,,,,,,,,,,,,,,,,,,,,,,,,,,,,,,,,,,,,,,,,,14.5,12.9,14.6,14.6,17.7,15.4,17.1,16,18,17.9,17.7,15.5,12.5,11,8.2,,
"Egypt, Arab Rep.",EGY,"Intentional homicides (per 100,000 people)",VC.IHR.PSRC.P5,,,,,,,,,,,,,,,,,,,,,,,,,,,,,,,,,,,,,,,,,,,,0.7,0.4,0.7,0.7,0.9,1.2,1.1,2.2,3.2,,,,,
Euro area,EMU,"Intentional homicides (per 100,000 people)",VC.IHR.PSRC.P5,,,,,,,,,,,,,,,,,,,,,,,,,,,,,,,,,,,,,,,,,,,,,,,,,,,,,1.1,,1,,
Eritrea,ERI,"Intentional homicides (per 100,000 people)",VC.IHR.PSRC.P5,,,,,,,,,,,,,,,,,,,,,,,,,,,,,,,,,,,,,,,,,,,,,,,,,,,,,9.7,,,,
Spain,ESP,"Intentional homicides (per 100,000 people)",VC.IHR.PSRC.P5,,,,,,,,,,,,,,,,,,,,,,,,,,,,,,,,,,,,1.04243724,1.004567162,1.168936524,1.313735256,1.216553843,1.4,1.4,1.3,1.4,1.2,1.2,1.1,1.1,0.9,0.9,0.8,0.8,0.8,0.7,0.7,,
Estonia,EST,"Intentional homicides (per 100,000 people)",VC.IHR.PSRC.P5,,,,,,,,,,,,,,,,,,,,,,,,,,,,,,,,,,,,17.07491445,15.07332043,12.68539925,14.09652089,11.37712488,10.2,9.8,10.3,10.7,6.7,8.3,6.7,6.9,6.3,5.2,5.3,4.9,4.8,3.9,3.1,,
Ethiopia,ETH,"Intentional homicides (per 100,000 people)",VC.IHR.PSRC.P5,,,,,,,,,,,,,,,,,,,,,,,,,,,,,,,,,,,,,,,,,,,,,,,,,,,,,8,,,,
European Union,EUU,"Intentional homicides (per 100,000 people)",VC.IHR.PSRC.P5,,,,,,,,,,,,,,,,,,,,,,,,,,,,,,,,,,,,,,,,,,,,,,,,,,,,,1.1,,1,,
Fragile and conflict affected situations,FCS,"Intentional homicides (per 100,000 people)",VC.IHR.PSRC.P5,,,,,,,,,,,,,,,,,,,,,,,,,,,,,,,,,,,,,,,,,,,,,,,,,,,,,12.6,,7.3,,
Finland,FIN,"Intentional homicides (per 100,000 people)",VC.IHR.PSRC.P5,,,,,,,,,,,,,,,,,,,,,,,,,,,,,,,,,,,,2.858372349,2.985262753,2.704671123,2.193738565,2.770246775,2.9,3,2.5,2,2.8,2.3,2.3,2.4,2.5,2.2,2.2,2,1.6,1.6,1.6,,
Fiji,FJI,"Intentional homicides (per 100,000 people)",VC.IHR.PSRC.P5,,,,,,,,,,,,,,,,,,,,,,,,,,,,,,,,,,,,,,,,,,,,,,,,2.6,3.6,2.5,2.8,,3,,,,
France,FRA,"Intentional homicides (per 100,000 people)",VC.IHR.PSRC.P5,,,,,,,,,,,,,,,,,,,,,,,,,,,,,,,,,,,,2.309640462,2.016963507,1.652639567,1.642843498,1.622084257,1.8,1.8,1.9,1.6,1.6,1.6,1.4,1.6,1.6,1.3,1.3,1.4,1.2,1.2,1.2,,
Faroe Islands,FRO,"Intentional homicides (per 100,000 people)",VC.IHR.PSRC.P5,,,,,,,,,,,,,,,,,,,,,,,,,,,,,,,,,,,,,,,,,,,,,,,,,,,,,,,,,
"Micronesia, Fed. Sts.",FSM,"Intentional homicides (per 100,000 people)",VC.IHR.PSRC.P5,,,,,,,,,,,,,,,,,,,,,,,,,,,,,,,,,,,,,,,,,,,,,,,,,,,,,4.8,,,,
Gabon,GAB,"Intentional homicides (per 100,000 people)",VC.IHR.PSRC.P5,,,,,,,,,,,,,,,,,,,,,,,,,,,,,,,,,,,,,,,,,,,,,,,,,,,,,9.4,,,,
United Kingdom,GBR,"Intentional homicides (per 100,000 people)",VC.IHR.PSRC.P5,,,,,,,,,,,,,,,,,,,,,,,,,,,,,,,,,,,,1.468637853,1.320754717,1.433281614,1.450116009,1.474977375,1.7,1.8,2,1.7,1.6,1.5,1.4,1.4,1.2,1.1,1.2,1,1,0.9,,,
Georgia,GEO,"Intentional homicides (per 100,000 people)",VC.IHR.PSRC.P5,,,,,,,,,,,,,,,,,,,,,,,,,,,,,,,,,,,,7.71314365,5.408289827,5.787308493,4.996202475,5.077895753,5,5.6,6.3,6.6,6.6,9,7.3,7.5,6.1,4.9,4.4,,,,2.7,,
Ghana,GHA,"Intentional homicides (per 100,000 people)",VC.IHR.PSRC.P5,,,,,,,,,,,,,,,,,,,,,,,,,,,,,,,,,,,,,,,,,,2.2,2,2.1,2.2,1.8,1.9,1.8,1.9,1.8,1.7,1.7,,,,,
Gibraltar,GIB,"Intentional homicides (per 100,000 people)",VC.IHR.PSRC.P5,,,,,,,,,,,,,,,,,,,,,,,,,,,,,,,,,,,,,,,,,,,,,,,,,,,,,,,,,
Guinea,GIN,"Intentional homicides (per 100,000 people)",VC.IHR.PSRC.P5,,,,,,,,,,,,,,,,,,,,,,,,,,,,,,,,,,,,,,,,,,,,,,,,,,,,,8.7,,,,
"Gambia, The",GMB,"Intentional homicides (per 100,000 people)",VC.IHR.PSRC.P5,,,,,,,,,,,,,,,,,,,,,,,,,,,,,,,,,,,,,,,,,,,,,,,,,,,,,9.4,,,,
Guinea-Bissau,GNB,"Intentional homicides (per 100,000 people)",VC.IHR.PSRC.P5,,,,,,,,,,,,,,,,,,,,,,,,,,,,,,,,,,,,,,,,,,,,,,,,,,,,,9.9,,,,
Equatorial Guinea,GNQ,"Intentional homicides (per 100,000 people)",VC.IHR.PSRC.P5,,,,,,,,,,,,,,,,,,,,,,,,,,,,,,,,,,,,,,,,,,,,,,,,,,,,,3.4,,,,
Greece,GRC,"Intentional homicides (per 100,000 people)",VC.IHR.PSRC.P5,,,,,,,,,,,,,,,,,,,,,,,,,,,,,,,,,,,,1.414942865,1.571414611,1.875307047,1.616962822,1.417128346,0.7,1.2,0.9,1.1,1,1.2,0.1,1.2,1.3,1.4,1.6,1.6,1.5,1.4,0.1,,
Grenada,GRD,"Intentional homicides (per 100,000 people)",VC.IHR.PSRC.P5,,,,,,,,,,,,,,,,,,,,,,,,,,,,,,,,,,,,,,,,,14.8,5.9,13.7,8.8,5.8,10.7,11.6,10.6,15.4,6.7,9.6,3.8,13.3,5.7,7.5,,
Greenland,GRL,"Intentional homicides (per 100,000 people)",VC.IHR.PSRC.P5,,,,,,,,,,,,,,,,,,,,,,,,,,,,,,,,,,,,19.77812539,5.390157572,19.73377346,10.73979272,19.63514334,23.1,30.2,21.2,8.8,19.3,17.6,17.6,3.5,10.6,19.4,10.6,1.8,,,,,
Guatemala,GTM,"Intentional homicides (per 100,000 people)",VC.IHR.PSRC.P5,,,,,,,,,,,,,,,,,,,,,,,,,,,,,,,,,,,,32.54897947,35.31962208,38.14334092,30.86778386,24.19285615,24.8,27,29.6,33.7,35,,43.6,41.9,44.6,45.1,40.5,37.7,33.5,33.5,31.2,,
Guam,GUM,"Intentional homicides (per 100,000 people)",VC.IHR.PSRC.P5,,,,,,,,,,,,,,,,,,,,,,,,,,,,,,,,,,,,,,,,,1.3,5.1,1.3,5.1,5.7,4.4,6.9,0.6,0.6,3.2,1.9,2.5,,,,,
Guyana,GUY,"Intentional homicides (per 100,000 people)",VC.IHR.PSRC.P5,,,,,,,,,,,,,,,,,,,,,,,,,,,,,,,,,,,,14.97295938,12.07149618,11.92200542,15.46974638,12.44025941,10,10.6,19.1,27.7,17.7,19.1,20.6,15.4,21.1,15.6,18.6,17.2,18.3,20.4,,,
High income,HIC,"Intentional homicides (per 100,000 people)",VC.IHR.PSRC.P5,,,,,,,,,,,,,,,,,,,,,,,,,,,,,,,,,,,,,,,,,,,,,,,,,,,,,2.2,,2,,
"Hong Kong SAR, China",HKG,"Intentional homicides (per 100,000 people)",VC.IHR.PSRC.P5,,,,,,,,,,,,,,,,,,,,,,,,,,,,,,,,,,,,,,,,,0.6,0.96,1,0.8,0.7,0.5,0.5,0.3,0.5,0.7,0.5,0.2,0.4,0.9,,,
Honduras,HND,"Intentional homicides (per 100,000 people)",VC.IHR.PSRC.P5,,,,,,,,,,,,,,,,,,,,,,,,,,,,,,,,,,,,,,,,42.08425258,50.9,54.7,55.7,61.5,53.9,46.7,44.5,50.3,61.4,71.5,83.1,93.2,92.7,86.1,74.6,,
Heavily indebted poor countries (HIPC),HPC,"Intentional homicides (per 100,000 people)",VC.IHR.PSRC.P5,,,,,,,,,,,,,,,,,,,,,,,,,,,,,,,,,,,,,,,,,,,,,,,,,,,,,12.6,,8.3,,
Croatia,HRV,"Intentional homicides (per 100,000 people)",VC.IHR.PSRC.P5,,,,,,,,,,,,,,,,,,,,,,,,,,,,,,,,,,,,3.555364413,2.619877656,2.551136229,2.858550623,2.665173582,2.3,1.8,1.7,1.5,1.9,1.5,1.6,1.4,1.5,1.1,1.4,1.1,1.2,1.1,0.8,,
Haiti,HTI,"Intentional homicides (per 100,000 people)",VC.IHR.PSRC.P5,,,,,,,,,,,,,,,,,,,,,,,,,,,,,,,,,,,,,,,,,,,,,,,,5.1,5.1,6.1,6.8,9,10,,,,
Hungary,HUN,"Intentional homicides (per 100,000 people)",VC.IHR.PSRC.P5,,,,,,,,,,,,,,,,,,,,,,,,,,,,,,,,,,,,2.865051339,2.62749839,2.808185755,2.815397046,2.4713253,2,2.5,2,2.2,2.1,1.6,1.7,1.5,1.8,1.4,1.4,1.5,1.2,1.6,1.5,,
IBRD only,IBD,"Intentional homicides (per 100,000 people)",VC.IHR.PSRC.P5,,,,,,,,,,,,,,,,,,,,,,,,,,,,,,,,,,,,,,,,,,,,,,,,,,,,,5.8,,5.6,,
IDA & IBRD total,IBT,"Intentional homicides (per 100,000 people)",VC.IHR.PSRC.P5,,,,,,,,,,,,,,,,,,,,,,,,,,,,,,,,,,,,,,,,,,,,,,,,,,,,,7,,5.9,,
IDA total,IDA,"Intentional homicides (per 100,000 people)",VC.IHR.PSRC.P5,,,,,,,,,,,,,,,,,,,,,,,,,,,,,,,,,,,,,,,,,,,,,,,,,,,,,10.5,,6.8,,
IDA blend,IDB,"Intentional homicides (per 100,000 people)",VC.IHR.PSRC.P5,,,,,,,,,,,,,,,,,,,,,,,,,,,,,,,,,,,,,,,,,,,,,,,,,,,,,10.6,,7,,
Indonesia,IDN,"Intentional homicides (per 100,000 people)",VC.IHR.PSRC.P5,,,,,,,,,,,,,,,,,,,,,,,,,,,,,,,,,,,,,,,,,1,,,0.7,0.6,,,,0.6,0.6,0.4,0.6,0.6,0.6,0.5,,
IDA only,IDX,"Intentional homicides (per 100,000 people)",VC.IHR.PSRC.P5,,,,,,,,,,,,,,,,,,,,,,,,,,,,,,,,,,,,,,,,,,,,,,,,,,,,,10.4,,6.8,,
Isle of Man,IMN,"Intentional homicides (per 100,000 people)",VC.IHR.PSRC.P5,,,,,,,,,,,,,,,,,,,,,,,,,,,,,,,,,,,,,,,,,,,,,,,,,,,,,,,,,
India,IND,"Intentional homicides (per 100,000 people)",VC.IHR.PSRC.P5,,,,,,,,,,,,,,,,,,,,,,,,,,,,,,,,,,,,4.36626278,4.395079846,4.352470695,4.473273534,4.233402404,4.5,4.2,4.1,3.6,3.7,3.6,3.6,3.5,3.5,3.4,3.4,3.5,3.4,3.3,3.2,,
Not classified,INX,"Intentional homicides (per 100,000 people)",VC.IHR.PSRC.P5,,,,,,,,,,,,,,,,,,,,,,,,,,,,,,,,,,,,,,,,,,,,,,,,,,,,,,,,,
Ireland,IRL,"Intentional homicides (per 100,000 people)",VC.IHR.PSRC.P5,,,,,,,,,,,,,,,,,,,,,,,,,,,,,,,,,,,,1.190819722,1.154335478,1.035461843,1.025174232,1.013078038,0.1,1.3,1.3,1.1,0.7,1.2,1.4,1.8,1.1,1.2,1.1,0.9,1.2,1.1,1.1,,
"Iran, Islamic Rep.",IRN,"Intentional homicides (per 100,000 people)",VC.IHR.PSRC.P5,,,,,,,,,,,,,,,,,,,,,,,,,,,,,,,,,,,,,,,,,,,,,,,,,,,,,4.8,,,,
Iraq,IRQ,"Intentional homicides (per 100,000 people)",VC.IHR.PSRC.P5,,,,,,,,,,,,,,,,,,,,,,,,,,,,,,,,,,,,,,,,,,,,,,34.1,29.9,66.1,15.3,8.2,8.3,7.9,,,,,
Iceland,ISL,"Intentional homicides (per 100,000 people)",VC.IHR.PSRC.P5,,,,,,,,,,,,,,,,,,,,,,,,,,,,,,,,,,,,0,0.370207205,0.733041094,0,0.718383063,1.8,0.4,1.4,0,1,1,0,0.7,0,0.3,0.6,0.9,0.3,0.3,,,
Israel,ISR,"Intentional homicides (per 100,000 people)",VC.IHR.PSRC.P5,,,,,,,,,,,,,,,,,,,,,,,,,,,,,,,,,,,,2.10049401,2.132400569,2.770484044,2.549819041,2.325042267,2.4,3.6,3.6,3.1,2.7,2.5,2.7,1.8,1.9,1.8,2,2,1.7,,,,
Italy,ITA,"Intentional homicides (per 100,000 people)",VC.IHR.PSRC.P5,,,,,,,,,,,,,,,,,,,,,,,,,,,,,,,,,,,,1.776434678,1.673740342,1.534586198,1.540855846,1.41541754,1.3,1.2,1.1,1.2,1.2,1,1.1,1.1,1,0.98,0.9,0.9,0.9,0.8,0.8,,
Jamaica,JAM,"Intentional homicides (per 100,000 people)",VC.IHR.PSRC.P5,,,,,,,,,,,,,,,,,,,,,,,,,,,,,,,,,,,,31.68778915,37.22825387,41.37325733,33.90499497,33.38541823,34.1,43.5,39.7,36.8,55.2,,49.8,58.6,59.6,61.7,52.8,41.2,39.8,43.3,36.1,,
Jordan,JOR,"Intentional homicides (per 100,000 people)",VC.IHR.PSRC.P5,,,,,,,,,,,,,,,,,,,,,,,,,,,,,,,,,,,,,,,,,,,,,,1.3,1.8,1.9,2,1.6,1.8,2.1,2.3,,,,
Japan,JPN,"Intentional homicides (per 100,000 people)",VC.IHR.PSRC.P5,,,,,,,,,,,,,,,,,,,,,,,,,,,,,,,,,,,,0.543833004,0.49353048,0.541203532,0.571311769,0.53691652,,,,0.6,0.6,0.5,0.5,0.5,0.5,0.4,0.4,0.3,0.3,0.3,0.3,,
Kazakhstan,KAZ,"Intentional homicides (per 100,000 people)",VC.IHR.PSRC.P5,,,,,,,,,,,,,,,,,,,,,,,,,,,,,,,,,,,,15.36495408,16.70639713,16.66808097,16.58020742,15.74022972,15.5,14.5,13.1,13.2,13.7,11.7,11.1,10.5,11.4,11,9.5,9.6,8.7,7.4,,,
Kenya,KEN,"Intentional homicides (per 100,000 people)",VC.IHR.PSRC.P5,,,,,,,,,,,,,,,,,,,,,,,,,,,,,,,,,,,,,,,,,,,,,4.1,3.6,3.5,3.4,3.7,5.6,5.6,6.4,6.5,6.6,5.9,,
Kyrgyz Republic,KGZ,"Intentional homicides (per 100,000 people)",VC.IHR.PSRC.P5,,,,,,,,,,,,,,,,,,,,,,,,,,,,,,,,,,,,11.65035436,11.14017191,9.263043642,8.810353513,8.838782044,8.7,7.7,8.2,8.3,8.3,8.2,8.2,8.1,8.1,7.8,19.6,8.9,5.3,3.6,3.7,,
Cambodia,KHM,"Intentional homicides (per 100,000 people)",VC.IHR.PSRC.P5,,,,,,,,,,,,,,,,,,,,,,,,,,,,,,,,,,,,3.554407004,4.729965237,6.759759264,6.615981408,4.75278406,,3.3,3.4,3.9,3.9,3.4,3.3,3.3,2.5,2.5,2.3,1.8,,,,,
Kiribati,KIR,"Intentional homicides (per 100,000 people)",VC.IHR.PSRC.P5,,,,,,,,,,,,,,,,,,,,,,,,,,,,,,,,,,,,,,,,,,,,,,,,,7.1,1.04,3.9,10.5,7.5,,,,
St. Kitts and Nevis,KNA,"Intentional homicides (per 100,000 people)",VC.IHR.PSRC.P5,,,,,,,,,,,,,,,,,,,,,,,,,,,,,,,,,,,,9.276222722,9.150386604,15.80064105,17.82213509,13.19290222,6.6,13,10.7,21,22.7,16.3,34.1,31.7,45,52.2,40.1,64.2,33.6,,,,
"Korea, Rep.",KOR,"Intentional homicides (per 100,000 people)",VC.IHR.PSRC.P5,,,,,,,,,,,,,,,,,,,,,,,,,,,,,,,,,,,,,,,,,,,,,,,,,,,,0.9,0.8,0.7,0.7,,
Kosovo,KSV,"Intentional homicides (per 100,000 people)",VC.IHR.PSRC.P5,,,,,,,,,,,,,,,,,,,,,,,,,,,,,,,,,,,,,,,,,,,,,,,,,6.3,4,5.8,3.4,4.9,2.2,,,
Kuwait,KWT,"Intentional homicides (per 100,000 people)",VC.IHR.PSRC.P5,,,,,,,,,,,,,,,,,,,,,,,,,,,,,,,,,,,,,,,,,,,,,,,,2.3,1.4,1.7,2,1.8,1.8,,,,
Latin America & Caribbean (excluding high income),LAC,"Intentional homicides (per 100,000 people)",VC.IHR.PSRC.P5,,,,,,,,,,,,,,,,,,,,,,,,,,,,,,,,,,,,,,,,,,,,,,,,,,,,,23.9,,23.2,,
Lao PDR,LAO,"Intentional homicides (per 100,000 people)",VC.IHR.PSRC.P5,,,,,,,,,,,,,,,,,,,,,,,,,,,,,,,,,,,,,,,,,,,,,,,,,,,,,7.3,,,,
Lebanon,LBN,"Intentional homicides (per 100,000 people)",VC.IHR.PSRC.P5,,,,,,,,,,,,,,,,,,,,,,,,,,,,,,,,,,,,,,,,,,,,,,,,,4.5,3.5,3.8,3.7,3.9,4.5,4.3,,
Liberia,LBR,"Intentional homicides (per 100,000 people)",VC.IHR.PSRC.P5,,,,,,,,,,,,,,,,,,,,,,,,,,,,,,,,,,,,,,,,,,,,,,,,2.8,4.8,3.8,3.3,3.9,3.2,,,,
Libya,LBY,"Intentional homicides (per 100,000 people)",VC.IHR.PSRC.P5,,,,,,,,,,,,,,,,,,,,,,,,,,,,,,,,,,,,,,,,,,,,,,,,,,,,,2.5,,,,
St. Lucia,LCA,"Intentional homicides (per 100,000 people)",VC.IHR.PSRC.P5,,,,,,,,,,,,,,,,,,,,,,,,,,,,,,,,,,,,,,,,,14.7,21.4,26.2,22.3,22.6,24.8,25.6,17,22.6,22.3,24.8,,21.6,,,,
Latin America & Caribbean,LCN,"Intentional homicides (per 100,000 people)",VC.IHR.PSRC.P5,,,,,,,,,,,,,,,,,,,,,,,,,,,,,,,,,,,,,,,,,,,,,,,,,,,,,23.2,,22.5,,
Least developed countries: UN classification,LDC,"Intentional homicides (per 100,000 people)",VC.IHR.PSRC.P5,,,,,,,,,,,,,,,,,,,,,,,,,,,,,,,,,,,,,,,,,,,,,,,,,,,,,10,,6.3,,
Low income,LIC,"Intentional homicides (per 100,000 people)",VC.IHR.PSRC.P5,,,,,,,,,,,,,,,,,,,,,,,,,,,,,,,,,,,,,,,,,,,,,,,,,,,,,11.4,,7.4,,
Liechtenstein,LIE,"Intentional homicides (per 100,000 people)",VC.IHR.PSRC.P5,,,,,,,,,,,,,,,,,,,,,,,,,,,,,,,,,,,,0,0,0,0,3.079765938,0,0,0,0,2.9,0,0,0,2.8,0,2.8,0,,0,2.7,,
Sri Lanka,LKA,"Intentional homicides (per 100,000 people)",VC.IHR.PSRC.P5,,,,,,,,,,,,,,,,,,,,,,,,,,,,,,,,,,,,,,,,,,,,6.8,7.1,6.3,10.4,8.4,10,5.5,3.8,3.6,3.3,2.9,,,
Lower middle income,LMC,"Intentional homicides (per 100,000 people)",VC.IHR.PSRC.P5,,,,,,,,,,,,,,,,,,,,,,,,,,,,,,,,,,,,,,,,,,,,,,,,,,,,,5.9,,4.6,,
Low & middle income,LMY,"Intentional homicides (per 100,000 people)",VC.IHR.PSRC.P5,,,,,,,,,,,,,,,,,,,,,,,,,,,,,,,,,,,,,,,,,,,,,,,,,,,,,7,,6,,
Lesotho,LSO,"Intentional homicides (per 100,000 people)",VC.IHR.PSRC.P5,,,,,,,,,,,,,,,,,,,,,,,,,,,,,,,,,,,,,,,,,,,,,,,,45.8,38.1,36.3,38,,,,,,
Late-demographic dividend,LTE,"Intentional homicides (per 100,000 people)",VC.IHR.PSRC.P5,,,,,,,,,,,,,,,,,,,,,,,,,,,,,,,,,,,,,,,,,,,,,,,,,,,,,5,,4.6,,
Lithuania,LTU,"Intentional homicides (per 100,000 people)",VC.IHR.PSRC.P5,,,,,,,,,,,,,,,,,,,,,,,,,,,,,,,,,,,,13.83261543,11.23737668,10.93055658,8.761017472,8.769111839,,,,,10.2,11.1,8.7,8.5,9.3,7.9,7,6.9,6.7,6.7,5.5,,
Luxembourg,LUX,"Intentional homicides (per 100,000 people)",VC.IHR.PSRC.P5,,,,,,,,,,,,,,,,,,,,,,,,,,,,,,,,,,,,0.49077105,0.967639709,0.953845787,0.940698374,1.393242773,,,,,,,1.5,1.5,1.6,1,2,0.8,0,0.2,0.7,,
Latvia,LVA,"Intentional homicides (per 100,000 people)",VC.IHR.PSRC.P5,,,,,,,,,,,,,,,,,,,,,,,,,,,,,,,,,,,,11.55654179,10.88273166,11.15213896,10.33135123,9.531928213,10,9.3,9.2,8.8,8,5.7,5.8,4.3,4.6,5.1,3.3,3.3,4.8,3.4,3.9,,
"Macao SAR, China",MAC,"Intentional homicides (per 100,000 people)",VC.IHR.PSRC.P5,,,,,,,,,,,,,,,,,,,,,,,,,,,,,,,,,,,,,,,6.069547679,9.672605339,5.1,,,2.9,2.2,1.5,2.3,2.2,1.6,1.9,0.7,1.3,1.3,1.4,1,,
St. Martin (French part),MAF,"Intentional homicides (per 100,000 people)",VC.IHR.PSRC.P5,,,,,,,,,,,,,,,,,,,,,,,,,,,,,,,,,,,,,,,,,,,,,,,,,,,,,,,,,
Morocco,MAR,"Intentional homicides (per 100,000 people)",VC.IHR.PSRC.P5,,,,,,,,,,,,,,,,,,,,,,,,,,,,,,,,,,,,,,,,1.898439532,1.6,1.9,1.6,1.7,1.6,1.5,1.6,1.7,1.4,1.4,1.4,1.4,1.2,1.3,1,,
Monaco,MCO,"Intentional homicides (per 100,000 people)",VC.IHR.PSRC.P5,,,,,,,,,,,,,,,,,,,,,,,,,,,,,,,,,,,,,,,,,,3.1,,,3,3,2.9,0,0,,,,,,,,
Moldova,MDA,"Intentional homicides (per 100,000 people)",VC.IHR.PSRC.P5,,,,,,,,,,,,,,,,,,,,,,,,,,,,,,,,,,,,9.10400461,9.28573435,9.324402524,8.457130403,9.119053807,10.3,9.8,9.6,7.6,6.6,7.1,6.3,5.3,5.7,6,6.5,7.5,5.6,4.1,3.2,,
Madagascar,MDG,"Intentional homicides (per 100,000 people)",VC.IHR.PSRC.P5,,,,,,,,,,,,,,,,,,,,,,,,,,,,,,,,,,,,,,,,,,,,,0.7,1.8,4.6,3,3.1,0.7,0.6,,,,,,
Maldives,MDV,"Intentional homicides (per 100,000 people)",VC.IHR.PSRC.P5,,,,,,,,,,,,,,,,,,,,,,,,,,,,,,,,,,,,,,,,,,,,,,,,0.97,1.6,1.8,1.8,0.9,2.9,0.9,,,
Middle East & North Africa,MEA,"Intentional homicides (per 100,000 people)",VC.IHR.PSRC.P5,,,,,,,,,,,,,,,,,,,,,,,,,,,,,,,,,,,,,,,,,,,,,,,,,,,,,3.8,,3.9,,
Mexico,MEX,"Intentional homicides (per 100,000 people)",VC.IHR.PSRC.P5,,,,,,,,,,,,,,,,,,,,,,,,,,,,,,,,,,,,16.91940488,15.45413535,14.19929696,14.07806997,12.43380489,10.4,9.9,9.6,9.4,8.6,9,9.4,7.8,12.2,17,21.7,22.6,21.3,18.6,15.7,,
Marshall Islands,MHL,"Intentional homicides (per 100,000 people)",VC.IHR.PSRC.P5,,,,,,,,,,,,,,,,,,,,,,,,,,,,,,,,,,,,,,,,,,,,,,,,,,,,,4.7,,,,
Middle income,MIC,"Intentional homicides (per 100,000 people)",VC.IHR.PSRC.P5,,,,,,,,,,,,,,,,,,,,,,,,,,,,,,,,,,,,,,,,,,,,,,,,,,,,,6.5,,5.8,,
"Macedonia, FYR",MKD,"Intentional homicides (per 100,000 people)",VC.IHR.PSRC.P5,,,,,,,,,,,,,,,,,,,,,,,,,,,,,,,,,,,,,,,2.409149952,1.898881559,2.3,2.7,3,3.4,2.4,2.2,2.2,2,1.7,1.7,2.1,1.5,1.4,1.1,1.6,,
Mali,MLI,"Intentional homicides (per 100,000 people)",VC.IHR.PSRC.P5,,,,,,,,,,,,,,,,,,,,,,,,,,,,,,,,,,,,,,,,,,,,,,,,,,,,,10.2,,,,
Malta,MLT,"Intentional homicides (per 100,000 people)",VC.IHR.PSRC.P5,,,,,,,,,,,,,,,,,,,,,,,,,,,,,,,,,,,,,,,1.270877337,2.529474704,1,1.5,1.5,0,1.8,1,0,0.96,1.5,0.95,0.94,0.7,2.9,1.7,1.4,,
Myanmar,MMR,"Intentional homicides (per 100,000 people)",VC.IHR.PSRC.P5,,,,,,,,,,,,,,,,,,,,,,,,,,,,,,,,,,,,,,,,,,2.1,1.8,1.7,1.6,1.5,1.7,1.6,1.7,1.6,1.7,2.4,2.5,,,,
Middle East & North Africa (excluding high income),MNA,"Intentional homicides (per 100,000 people)",VC.IHR.PSRC.P5,,,,,,,,,,,,,,,,,,,,,,,,,,,,,,,,,,,,,,,,,,,,,,,,,,,,,4.2,,3.9,,
Montenegro,MNE,"Intentional homicides (per 100,000 people)",VC.IHR.PSRC.P5,,,,,,,,,,,,,,,,,,,,,,,,,,,,,,,,,,,,,,,,,,,,,,,,1.9,3.9,3.4,2.4,3.4,2.7,1.6,3.2,,
Mongolia,MNG,"Intentional homicides (per 100,000 people)",VC.IHR.PSRC.P5,,,,,,,,,,,,,,,,,,,,,,,,,,,,,,,,,,,,,,,,,,,,13.9,13.3,15.8,13.1,11.3,8.1,8.2,8.8,9.6,7.1,7.3,7.5,,
Northern Mariana Islands,MNP,"Intentional homicides (per 100,000 people)",VC.IHR.PSRC.P5,,,,,,,,,,,,,,,,,,,,,,,,,,,,,,,,,,,,,,,,,,,,,,,,,,,,,,,,,
Mozambique,MOZ,"Intentional homicides (per 100,000 people)",VC.IHR.PSRC.P5,,,,,,,,,,,,,,,,,,,,,,,,,,,,,,,,,,,,,,,,4.871395631,,5.9,5.4,5.2,5.5,5.2,4.1,3.8,4.3,3.5,3.6,,,,,,
Mauritania,MRT,"Intentional homicides (per 100,000 people)",VC.IHR.PSRC.P5,,,,,,,,,,,,,,,,,,,,,,,,,,,,,,,,,,,,,,,,,,,,,,,,,,,,,11.4,,,,
Mauritius,MUS,"Intentional homicides (per 100,000 people)",VC.IHR.PSRC.P5,,,,,,,,,,,,,,,,,,,,,,,,,,,,,,,,,,,,2.19857919,2.95537043,2.064715052,2.641780526,1.941796753,,,,,,,,,,3.1,2.6,2.7,,,,,
Malawi,MWI,"Intentional homicides (per 100,000 people)",VC.IHR.PSRC.P5,,,,,,,,,,,,,,,,,,,,,,,,,,,,,,,,,,,,,,,,,6.3,7.8,4.8,2.5,3.3,1.6,6.3,5.1,5.6,2.2,3.5,2.3,1.8,,,,
Malaysia,MYS,"Intentional homicides (per 100,000 people)",VC.IHR.PSRC.P5,,,,,,,,,,,,,,,,,,,,,,,,,,,,,,,,,,,,1.9111222,2.103816323,2.479168215,2.81779131,2.5713126,,2.2,2.3,2.3,2,2.3,2.2,2.4,2.2,2,1.9,,,,,,
North America,NAC,"Intentional homicides (per 100,000 people)",VC.IHR.PSRC.P5,,,,,,,,,,,,,,,,,,,,,,,,,,,,,,,,,,,,,,,,,,,,,,,,,,,,,4.4,,3.6,,
Namibia,NAM,"Intentional homicides (per 100,000 people)",VC.IHR.PSRC.P5,,,,,,,,,,,,,,,,,,,,,,,,,,,,,,,,,,,,22.5875525,20.75280354,18.66574727,22.57876076,20.4750426,20,18.3,17.7,,17.6,,,,16.7,18,14.3,13.7,16.9,,,,
New Caledonia,NCL,"Intentional homicides (per 100,000 people)",VC.IHR.PSRC.P5,,,,,,,,,,,,,,,,,,,,,,,,,,,,,,,,,,,,,,,,,,,,,,,3.4,5.1,4.6,3.3,,,,,,,
Niger,NER,"Intentional homicides (per 100,000 people)",VC.IHR.PSRC.P5,,,,,,,,,,,,,,,,,,,,,,,,,,,,,,,,,,,,,,,,,,,,,,,,,,,,4.9,4.5,,,,
Nigeria,NGA,"Intentional homicides (per 100,000 people)",VC.IHR.PSRC.P5,,,,,,,,,,,,,,,,,,,,,,,,,,,,,,,,,,,,,,,,,,,,,,,,,,,,,10.1,,,,
Nicaragua,NIC,"Intentional homicides (per 100,000 people)",VC.IHR.PSRC.P5,,,,,,,,,,,,,,,,,,,,,,,,,,,,,,,,,,,,15.24679537,13.98641585,14.07312512,13.00925958,11.23183836,9.5,10.5,10.7,12.1,12.2,13.6,13.2,12.9,13.2,14.2,13.7,12.7,11.5,,,,
Netherlands,NLD,"Intentional homicides (per 100,000 people)",VC.IHR.PSRC.P5,,,,,,,,,,,,,,,,,,,,,,,,,,,,,,,,,,,,1.938768,1.359788239,1.332836339,1.121683188,1.286802879,1.1,1.3,1.2,1.2,1.2,1.1,0.8,0.9,0.9,0.9,0.9,0.9,0.9,0.7,,,
Norway,NOR,"Intentional homicides (per 100,000 people)",VC.IHR.PSRC.P5,,,,,,,,,,,,,,,,,,,,,,,,,,,,,,,,,,,,0.986443061,0.980584652,0.861269439,0.856000836,0.828544199,1.1,0.8,1,1.1,0.8,0.7,0.7,0.6,0.7,0.6,0.6,2.2,0.5,0.9,0.6,,
Nepal,NPL,"Intentional homicides (per 100,000 people)",VC.IHR.PSRC.P5,,,,,,,,,,,,,,,,,,,,,,,,,,,,,,,,,,,,,,2.533956337,2.7950923,2.64423993,2.7,3.5,3.5,3,3.7,3.6,2.5,3.4,3.4,3,3,2.9,,,,,
Nauru,NRU,"Intentional homicides (per 100,000 people)",VC.IHR.PSRC.P5,,,,,,,,,,,,,,,,,,,,,,,,,,,,,,,,,,,,,,,,,,,,,,,,,,,,,1.3,,,,
New Zealand,NZL,"Intentional homicides (per 100,000 people)",VC.IHR.PSRC.P5,,,,,,,,,,,,,,,,,,,,,,,,,,,,,,,,,,,,1.088417604,1.291245196,1.59909129,1.295107401,1.178822995,1.3,1.3,1.5,1.1,1.1,1.5,1.2,1.1,1.2,1.5,0.98,0.9,0.9,1,0.9,,
OECD members,OED,"Intentional homicides (per 100,000 people)",VC.IHR.PSRC.P5,,,,,,,,,,,,,,,,,,,,,,,,,,,,,,,,,,,,,,,,,,,,,,,,,,,,,4,,3.3,,
Oman,OMN,"Intentional homicides (per 100,000 people)",VC.IHR.PSRC.P5,,,,,,,,,,,,,,,,,,,,,,,,,,,,,,,,,,,,,,,,,,0.6,0.6,,,,,0.7,0.7,,,1.1,,,,,
Other small states,OSS,"Intentional homicides (per 100,000 people)",VC.IHR.PSRC.P5,,,,,,,,,,,,,,,,,,,,,,,,,,,,,,,,,,,,,,,,,,,,,,,,,,,,,11.4,,10,,
Pakistan,PAK,"Intentional homicides (per 100,000 people)",VC.IHR.PSRC.P5,,,,,,,,,,,,,,,,,,,,,,,,,,,,,,,,,,,,,6.931456887,6.930046573,7.434970027,6.606207971,6.4,6.7,6.5,6.3,6.5,6.3,6.4,6.6,7.4,7.5,7.8,8,7.8,,,,
Panama,PAN,"Intentional homicides (per 100,000 people)",VC.IHR.PSRC.P5,,,,,,,,,,,,,,,,,,,,,,,,,,,,,,,,,,,,14.08331795,9.078539248,11.30155122,9.882965987,9.828819893,9.9,9.9,12.1,10.6,9.4,11,11,12.9,18.7,23,21,20.6,17.5,17.4,,,
Peru,PER,"Intentional homicides (per 100,000 people)",VC.IHR.PSRC.P5,,,,,,,,,,,,,,,,,,,,,,,,,,,,,,,,,,,,,,,,,5,4.9,4.3,4.9,5.6,11.1,11.2,10.4,11.6,10.2,9.2,9.6,9.5,6.6,6.7,,
Philippines,PHL,"Intentional homicides (per 100,000 people)",VC.IHR.PSRC.P5,,,,,,,,,,,,,,,,,,,,,,,,,,,,,,,,,,,,,,,7.986133274,7.536713528,7.4,7.4,8.1,7.8,7.5,7.5,7.1,6.5,6.4,6.9,9.6,9.2,8.8,9.4,9.9,,
Palau,PLW,"Intentional homicides (per 100,000 people)",VC.IHR.PSRC.P5,,,,,,,,,,,,,,,,,,,,,,,,,,,,,,,,,,,,,,,,,,,,,,,,,,,,,3.1,,,,
Papua New Guinea,PNG,"Intentional homicides (per 100,000 people)",VC.IHR.PSRC.P5,,,,,,,,,,,,,,,,,,,,,,,,,,,,,,,,,,,,,,,,,8.7,7.9,8.3,10.5,5.2,9.9,9.8,8.1,9.2,10.4,10.4,,,,,,
Poland,POL,"Intentional homicides (per 100,000 people)",VC.IHR.PSRC.P5,,,,,,,,,,,,,,,,,,,,,,,,,,,,,,,,,,,,2.221829893,2.27350014,2.102158331,4.871447479,4.747490006,2.2,2,1.9,1.7,1.6,1.4,1.3,1.4,1.2,1.3,1.1,1.2,0.99,0.8,0.7,,
Pre-demographic dividend,PRE,"Intentional homicides (per 100,000 people)",VC.IHR.PSRC.P5,,,,,,,,,,,,,,,,,,,,,,,,,,,,,,,,,,,,,,,,,,,,,,,,,,,,,13.3,,8.2,,
Puerto Rico,PRI,"Intentional homicides (per 100,000 people)",VC.IHR.PSRC.P5,,,,,,,,,,,,,,,,,,,,,,,,,,,,,,,,,,,,23.34114433,23.25648067,19.25195006,17.22570964,15.59141962,18.3,19.7,20.6,20.8,21.1,20.5,19.9,19.6,21.6,24,26.5,,26.5,23.9,18.5,,
"Korea, Dem. People’s Rep.",PRK,"Intentional homicides (per 100,000 people)",VC.IHR.PSRC.P5,,,,,,,,,,,,,,,,,,,,,,,,,,,,,,,,,,,,,,,,,,,,,,,,,,,,,4.7,,,,
Portugal,PRT,"Intentional homicides (per 100,000 people)",VC.IHR.PSRC.P5,,,,,,,,,,,,,,,,,,,,,,,,,,,,,,,,,,,,,1.042379205,1.116412329,1.219234566,1.058903396,1.1,1,1.1,1.4,1.4,1.3,1.5,1.8,1.2,1.2,1.2,1.1,1.2,1.4,0.9,,
Paraguay,PRY,"Intentional homicides (per 100,000 people)",VC.IHR.PSRC.P5,,,,,,,,,,,,,,,,,,,,,,,,,,,,,,,,,,,,,,,16.70553566,12.11399769,18.8,24.3,24.9,22.9,21.2,18.6,15.9,13.1,13.8,13.4,11.9,10.4,10.2,9.3,8.8,,
Pacific island small states,PSS,"Intentional homicides (per 100,000 people)",VC.IHR.PSRC.P5,,,,,,,,,,,,,,,,,,,,,,,,,,,,,,,,,,,,,,,,,,,,,,,,,,,,,4,,3.5,,
Post-demographic dividend,PST,"Intentional homicides (per 100,000 people)",VC.IHR.PSRC.P5,,,,,,,,,,,,,,,,,,,,,,,,,,,,,,,,,,,,,,,,,,,,,,,,,,,,,2.2,,1.9,,
French Polynesia,PYF,"Intentional homicides (per 100,000 people)",VC.IHR.PSRC.P5,,,,,,,,,,,,,,,,,,,,,,,,,,,,,,,,,,,,,,,,,,,,,,,1.2,2.7,3.4,0.4,,,,,,,
Qatar,QAT,"Intentional homicides (per 100,000 people)",VC.IHR.PSRC.P5,,,,,,,,,,,,,,,,,,,,,,,,,,,,,,,,,,,,,,,0.911032236,0.526435854,,,,,,,,,,,,,7.2,,,,
Romania,ROU,"Intentional homicides (per 100,000 people)",VC.IHR.PSRC.P5,,,,,,,,,,,,,,,,,,,,,,,,,,,,,,,,,,,,3.342011099,3.199307319,3.084736235,2.507536578,2.540088293,2.5,2.7,2.6,2.5,2.4,2.1,2.1,2,2.3,1.9,2,1.7,1.9,1.7,1.5,,
Russian Federation,RUS,"Intentional homicides (per 100,000 people)",VC.IHR.PSRC.P5,,,,,,,,,,,,,,,,,,,,,,,,,,,,,,,,,,,,,,,,,,,,,,,,,11.6,11.1,10.2,9.7,9.2,8.9,9.5,,
Rwanda,RWA,"Intentional homicides (per 100,000 people)",VC.IHR.PSRC.P5,,,,,,,,,,,,,,,,,,,,,,,,,,,,,,,,,,,,,,,,,,,,,,,5.1,5,4.5,3.8,4.9,,,,,,
South Asia,SAS,"Intentional homicides (per 100,000 people)",VC.IHR.PSRC.P5,,,,,,,,,,,,,,,,,,,,,,,,,,,,,,,,,,,,,,,,,,,,,,,,,,,,,3.9,,3.7,,
Saudi Arabia,SAU,"Intentional homicides (per 100,000 people)",VC.IHR.PSRC.P5,,,,,,,,,,,,,,,,,,,,,,,,,,,,,,,,,,,,,,,,0.939786116,,,,,,,,,,,,,6.2,,,,
Sudan,SDN,"Intentional homicides (per 100,000 people)",VC.IHR.PSRC.P5,,,,,,,,,,,,,,,,,,,,,,,,,,,,,,,,,,,,,,,,,,,,,,,,,,,,,6.5,,,,
Senegal,SEN,"Intentional homicides (per 100,000 people)",VC.IHR.PSRC.P5,,,,,,,,,,,,,,,,,,,,,,,,,,,,,,,,,,,,,,,,,,,,,,,,,,,,,7.9,,,,
Singapore,SGP,"Intentional homicides (per 100,000 people)",VC.IHR.PSRC.P5,,,,,,,,,,,,,,,,,,,,,,,,,,,,,,,,,,,,1.464812616,0.866760221,1.062469675,0.98371212,1.040395163,0.9,0.7,0.5,0.6,0.5,0.5,0.4,0.4,0.6,0.4,0.4,0.3,0.2,0.3,0.3,,
Solomon Islands,SLB,"Intentional homicides (per 100,000 people)",VC.IHR.PSRC.P5,,,,,,,,,,,,,,,,,,,,,,,,,,,,,,,,,,,,,,,,,,,,,4.4,5.5,4.8,5.3,3.8,,,,,,,,
Sierra Leone,SLE,"Intentional homicides (per 100,000 people)",VC.IHR.PSRC.P5,,,,,,,,,,,,,,,,,,,,,,,,,,,,,,,,,,,,,,,,,,,,,2.3,2,1.9,2.5,3.3,2.8,2.8,3.2,1.9,,,,
El Salvador,SLV,"Intentional homicides (per 100,000 people)",VC.IHR.PSRC.P5,,,,,,,,,,,,,,,,,,,,,,,,,,,,,,,,,,,,139.1320788,117.2772815,112.5686599,94.99673108,65.04718078,40.3,37.8,37.9,37.2,46.8,63.5,65.8,58.4,52.9,72.8,66,72.2,42.7,41.3,64.2,,
San Marino,SMR,"Intentional homicides (per 100,000 people)",VC.IHR.PSRC.P5,,,,,,,,,,,,,,,,,,,,,,,,,,,,,,,,,,,,,,,,,,0,3.6,0,0,0,0,0,0,0,0,0,,,,,
Somalia,SOM,"Intentional homicides (per 100,000 people)",VC.IHR.PSRC.P5,,,,,,,,,,,,,,,,,,,,,,,,,,,,,,,,,,,,,,,,,,,,,,,,,,,,,5.6,,,,
Serbia,SRB,"Intentional homicides (per 100,000 people)",VC.IHR.PSRC.P5,,,,,,,,,,,,,,,,,,,,,,,,,,,,,,,,,,,,,,,,,2.4,2.6,2.1,1.9,1.8,1.6,1.7,1.9,1.5,1.7,1.4,1.5,1.2,1.6,1.3,,
Sub-Saharan Africa (excluding high income),SSA,"Intentional homicides (per 100,000 people)",VC.IHR.PSRC.P5,,,,,,,,,,,,,,,,,,,,,,,,,,,,,,,,,,,,,,,,,,,,,,,,,,,,,14.4,,9.5,,
South Sudan,SSD,"Intentional homicides (per 100,000 people)",VC.IHR.PSRC.P5,,,,,,,,,,,,,,,,,,,,,,,,,,,,,,,,,,,,,,,,,,,,,,,,,,,,,13.9,,,,
Sub-Saharan Africa,SSF,"Intentional homicides (per 100,000 people)",VC.IHR.PSRC.P5,,,,,,,,,,,,,,,,,,,,,,,,,,,,,,,,,,,,,,,,,,,,,,,,,,,,,14.4,,9.5,,
Small states,SST,"Intentional homicides (per 100,000 people)",VC.IHR.PSRC.P5,,,,,,,,,,,,,,,,,,,,,,,,,,,,,,,,,,,,,,,,,,,,,,,,,,,,,14.4,,13,,
Sao Tome and Principe,STP,"Intentional homicides (per 100,000 people)",VC.IHR.PSRC.P5,,,,,,,,,,,,,,,,,,,,,,,,,,,,,,,,,,,,,,,,,,,,,,,2.6,2.5,8.6,3,3.5,3.4,,,,,
Suriname,SUR,"Intentional homicides (per 100,000 people)",VC.IHR.PSRC.P5,,,,,,,,,,,,,,,,,,,,,,,,,,,,,,,,,,,,,,,,,,,,,,,,,,,,,9.5,,,,
Slovak Republic,SVK,"Intentional homicides (per 100,000 people)",VC.IHR.PSRC.P5,,,,,,,,,,,,,,,,,,,,,,,,,,,,,,,,,,,,2.384103691,2.453163624,2.597453197,2.371886621,2.610458496,2.7,2.4,2.6,2.7,2.3,2,1.7,1.7,1.7,1.6,1.6,1.8,1.4,1.4,1.1,,
Slovenia,SVN,"Intentional homicides (per 100,000 people)",VC.IHR.PSRC.P5,,,,,,,,,,,,,,,,,,,,,,,,,,,,,,,,,,,,2.237813453,1.927478128,1.822088265,0.707334707,1.261111655,1.8,1.4,1.8,1.1,1.4,1,0.6,1.2,0.5,0.6,0.7,0.8,0.7,0.6,0.7,,
Sweden,SWE,"Intentional homicides (per 100,000 people)",VC.IHR.PSRC.P5,,,,,,,,,,,,,,,,,,,,,,,,,,,,,,,,,,,,0.940302249,1.096364692,1.027791714,1.050532891,1.118329798,1.1,0.1,1.1,0.9,1.2,0.9,0.1,1.2,0.8,0.9,0.1,0.9,0.7,0.9,0.9,,
Swaziland,SWZ,"Intentional homicides (per 100,000 people)",VC.IHR.PSRC.P5,,,,,,,,,,,,,,,,,,,,,,,,,,,,,,,,,,,,,,,,,,18.8,12.9,13.2,13.3,13.8,10.8,15,18.8,15.9,17.4,,,,,,
Sint Maarten (Dutch part),SXM,"Intentional homicides (per 100,000 people)",VC.IHR.PSRC.P5,,,,,,,,,,,,,,,,,,,,,,,,,,,,,,,,,,,,,,,,,,,,,,,,,,,,,,,,,
Seychelles,SYC,"Intentional homicides (per 100,000 people)",VC.IHR.PSRC.P5,,,,,,,,,,,,,,,,,,,,,,,,,,,,,,,,,,,,,,,,,,,5.9,11.7,6.9,3.4,10,5.5,3.3,5.4,2.1,,,,,,
Syrian Arab Republic,SYR,"Intentional homicides (per 100,000 people)",VC.IHR.PSRC.P5,,,,,,,,,,,,,,,,,,,,,,,,,,,,,,,,,,,,,,1.99239873,2.210479198,2.11907493,2.2,2.3,2.2,2.3,2.4,2.4,2.4,2.7,2.6,2.3,2.2,,,,,,
Turks and Caicos Islands,TCA,"Intentional homicides (per 100,000 people)",VC.IHR.PSRC.P5,,,,,,,,,,,,,,,,,,,,,,,,,,,,,,,,,,,,,,,0,0,0,0,11.3,0,0,0,,,6.8,6.6,,,,,,,
Chad,TCD,"Intentional homicides (per 100,000 people)",VC.IHR.PSRC.P5,,,,,,,,,,,,,,,,,,,,,,,,,,,,,,,,,,,,,,,,,,,,,,,,,,,,,9.2,,,,
East Asia & Pacific (IDA & IBRD countries),TEA,"Intentional homicides (per 100,000 people)",VC.IHR.PSRC.P5,,,,,,,,,,,,,,,,,,,,,,,,,,,,,,,,,,,,,,,,,,,,,,,,,,,,,2.1,,1.5,,
Europe & Central Asia (IDA & IBRD countries),TEC,"Intentional homicides (per 100,000 people)",VC.IHR.PSRC.P5,,,,,,,,,,,,,,,,,,,,,,,,,,,,,,,,,,,,,,,,,,,,,,,,,,,,,5.2,,5.1,,
Togo,TGO,"Intentional homicides (per 100,000 people)",VC.IHR.PSRC.P5,,,,,,,,,,,,,,,,,,,,,,,,,,,,,,,,,,,,,,,,,,,,,,,,,,,,,9.2,,,,
Thailand,THA,"Intentional homicides (per 100,000 people)",VC.IHR.PSRC.P5,,,,,,,,,,,,,,,,,,,,,,,,,,,,,,,,,,,,7.614397394,7.42472636,7.856072936,8.694399449,8.095033125,8.2,7.9,7.1,9.9,6.5,7.3,7.1,6.7,6,5.6,5.5,4.9,4.9,4.3,3.9,,
Tajikistan,TJK,"Intentional homicides (per 100,000 people)",VC.IHR.PSRC.P5,,,,,,,,,,,,,,,,,,,,,,,,,,,,,,,,,,,,7.531940623,8.258914936,8.376532186,8.145759659,5.848367077,,,,,,,3.1,2.2,1.6,1.8,2,1.9,1.3,1.4,,,
Turkmenistan,TKM,"Intentional homicides (per 100,000 people)",VC.IHR.PSRC.P5,,,,,,,,,,,,,,,,,,,,,,,,,,,,,,,,,,,,6.423098321,7.826247923,8.256474702,7.849306064,7.214412103,,,,,,,,,,,,,4.3,,,,
Latin America & the Caribbean (IDA & IBRD countries),TLA,"Intentional homicides (per 100,000 people)",VC.IHR.PSRC.P5,,,,,,,,,,,,,,,,,,,,,,,,,,,,,,,,,,,,,,,,,,,,,,,,,,,,,23.6,,22.9,,
Middle East & North Africa (IDA & IBRD countries),TMN,"Intentional homicides (per 100,000 people)",VC.IHR.PSRC.P5,,,,,,,,,,,,,,,,,,,,,,,,,,,,,,,,,,,,,,,,,,,,,,,,,,,,,4.2,,3.9,,
Timor-Leste,TLS,"Intentional homicides (per 100,000 people)",VC.IHR.PSRC.P5,,,,,,,,,,,,,,,,,,,,,,,,,,,,,,,,,,,,,,,,,,,,,2.4,4.6,4.9,6.1,3.4,3.1,3.7,,,,,,
Tonga,TON,"Intentional homicides (per 100,000 people)",VC.IHR.PSRC.P5,,,,,,,,,,,,,,,,,,,,,,,,,,,,,,,,,,,,,,,,,1,6.1,6.1,6,2,4,7.9,0.98,3.9,7.7,0.1,1.9,0.1,,,,
South Asia (IDA & IBRD),TSA,"Intentional homicides (per 100,000 people)",VC.IHR.PSRC.P5,,,,,,,,,,,,,,,,,,,,,,,,,,,,,,,,,,,,,,,,,,,,,,,,,,,,,3.9,,3.7,,
Sub-Saharan Africa (IDA & IBRD countries),TSS,"Intentional homicides (per 100,000 people)",VC.IHR.PSRC.P5,,,,,,,,,,,,,,,,,,,,,,,,,,,,,,,,,,,,,,,,,,,,,,,,,,,,,14.4,,9.5,,
Trinidad and Tobago,TTO,"Intentional homicides (per 100,000 people)",VC.IHR.PSRC.P5,,,,,,,,,,,,,,,,,,,,,,,,,,,,,,,,,,,,,,,,,9.5,11.9,13.4,17.8,20.1,29.8,28.5,29.9,41.6,38.4,35.6,26.4,28.3,30.3,25.9,,
Tunisia,TUN,"Intentional homicides (per 100,000 people)",VC.IHR.PSRC.P5,,,,,,,,,,,,,,,,,,,,,,,,,,,,,,,,,,,,,,,,,,,,,1.9,2.6,2.4,2.7,2.7,2.4,2.7,,3.1,,,,
Turkey,TUR,"Intentional homicides (per 100,000 people)",VC.IHR.PSRC.P5,,,,,,,,,,,,,,,,,,,,,,,,,,,,,,,,,,,,,,,,,,,,4.3,4.4,4.9,4.6,5.2,4.6,5.2,4.2,4.2,4.3,,,,
Tuvalu,TUV,"Intentional homicides (per 100,000 people)",VC.IHR.PSRC.P5,,,,,,,,,,,,,,,,,,,,,,,,,,,,,,,,,,,,,,,,,,,0,0,0,0,0,0,0,0,10.2,10.2,20.3,,,,
Tanzania,TZA,"Intentional homicides (per 100,000 people)",VC.IHR.PSRC.P5,,,,,,,,,,,,,,,,,,,,,,,,,,,,,,,,,,,,,,,,,,,,,,,,,,,,,7.9,,,,
Uganda,UGA,"Intentional homicides (per 100,000 people)",VC.IHR.PSRC.P5,,,,,,,,,,,,,,,,,,,,,,,,,,,,,,,,,,,,,,,,,,,,8.1,7.6,8.9,9.3,8.8,9,10.1,9.5,11,11.5,10.5,11.8,,
Ukraine,UKR,"Intentional homicides (per 100,000 people)",VC.IHR.PSRC.P5,,,,,,,,,,,,,,,,,,,,,,,,,,,,,,,,,,,,8.62060163,9.642859105,8.40437323,8.413536869,8.609145716,,,,7.6,7.4,6.5,6.3,5.7,5.3,4.8,4.4,,,,,,
Upper middle income,UMC,"Intentional homicides (per 100,000 people)",VC.IHR.PSRC.P5,,,,,,,,,,,,,,,,,,,,,,,,,,,,,,,,,,,,,,,,,,,,,,,,,,,,,7.3,,7.2,,
Uruguay,URY,"Intentional homicides (per 100,000 people)",VC.IHR.PSRC.P5,,,,,,,,,,,,,,,,,,,,,,,,,,,,,,,,,,,,,,,,,6.4,6.6,6.9,5.9,5.8,5.7,6.1,5.8,6.6,6.7,6.1,5.9,7.9,7.6,7.8,,
United States,USA,"Intentional homicides (per 100,000 people)",VC.IHR.PSRC.P5,,,,,,,,,,,,,,,,,,,,,,,,,,,,,,,,,,,,8.112683408,7.292303034,6.678321943,6.150310368,5.557464494,5.5,6.7,5.6,5.7,5.5,,5.8,5.7,5.4,5,4.8,4.7,4.7,3.9,,,
Uzbekistan,UZB,"Intentional homicides (per 100,000 people)",VC.IHR.PSRC.P5,,,,,,,,,,,,,,,,,,,,,,,,,,,,,,,,,,,,5.04813464,4.938440392,4.437572989,4.414063713,4.143944616,,,,,,,,,,,,,3.2,,,,
St. Vincent and the Grenadines,VCT,"Intentional homicides (per 100,000 people)",VC.IHR.PSRC.P5,,,,,,,,,,,,,,,,,,,,,,,,,,,,,,,,,,,,18.50361283,22.21214449,8.334954019,22.24137452,12.97870565,18.5,11.1,18.5,16.6,25.8,21.1,11.9,33,14.7,18.3,22.9,19.2,25.6,,,,
"Venezuela, RB",VEN,"Intentional homicides (per 100,000 people)",VC.IHR.PSRC.P5,,,,,,,,,,,,,,,,,,,,,,,,,,,,,,,,,,,,20.33591335,22.04962584,18.39978807,19.42424157,24.98512426,32.8,31.9,37.9,43.9,36.9,37.2,45,47.5,51.9,49,45.1,47.9,53.8,,62,,
British Virgin Islands,VGB,"Intentional homicides (per 100,000 people)",VC.IHR.PSRC.P5,,,,,,,,,,,,,,,,,,,,,,,,,,,,,,,,,,,,,10.8,0,0,5,0,4.7,4.6,9,17.7,,8.4,,,,,,,,,,
Virgin Islands (U.S.),VIR,"Intentional homicides (per 100,000 people)",VC.IHR.PSRC.P5,,,,,,,,,,,,,,,,,,,,,,,,,,,,,,,,,,,,,,,,24.9,22.1,25.8,37.8,28.5,34.2,32.5,40,40.1,42.1,46.9,52.6,,,,,,
Vietnam,VNM,"Intentional homicides (per 100,000 people)",VC.IHR.PSRC.P5,,,,,,,,,,,,,,,,,,,,,,,,,,,,,,,,,,,,,,,,,,1.2,1.3,1.3,1.3,1.3,1.2,1.4,1.3,1.4,1.5,1.5,,,,,
Vanuatu,VUT,"Intentional homicides (per 100,000 people)",VC.IHR.PSRC.P5,,,,,,,,,,,,,,,,,,,,,,,,,,,,,,,,,,,,,,,,,,,,,,,,,,,,,2.9,,,,
West Bank and Gaza,PSE,"Intentional homicides (per 100,000 people)",VC.IHR.PSRC.P5,,,,,,,,,,,,,,,,,,,,,,,,,,,,,,,,,,,,1.194011915,4.412342204,1.579857033,1.512030216,1.74491253,,,,2.7,4.1,4.1,,,1.2,1.1,0.7,0.6,0.6,,,,
World,WLD,"Intentional homicides (per 100,000 people)",VC.IHR.PSRC.P5,,,,,,,,,,,,,,,,,,,,,,,,,,,,,,,,,,,,,,,,,,,,,,,,,,,,,6.2,,5.3,,
Samoa,WSM,"Intentional homicides (per 100,000 people)",VC.IHR.PSRC.P5,,,,,,,,,,,,,,,,,,,,,,,,,,,,,,,,,,,,,,,,,,,,,,,,,,8.7,8.6,,,3.2,,,
"Yemen, Rep.",YEM,"Intentional homicides (per 100,000 people)",VC.IHR.PSRC.P5,,,,,,,,,,,,,,,,,,,,,,,,,,,,,,,,,,,,,,,,,3.9,,,3.6,3.2,4.6,4.2,3.9,3.9,4.3,4.7,5.7,6.5,6.7,,,
South Africa,ZAF,"Intentional homicides (per 100,000 people)",VC.IHR.PSRC.P5,,,,,,,,,,,,,,,,,,,,,,,,,,,,,,,,,,,,64.91652658,60.39016743,57.11239533,57.74168141,51.21287095,48.5,47,46.6,42.2,39.4,38.3,39.2,37.2,36,33,30.9,29.9,30.8,31.9,33,,
"Congo, Dem. Rep.",COD,"Intentional homicides (per 100,000 people)",VC.IHR.PSRC.P5,,,,,,,,,,,,,,,,,,,,,,,,,,,,,,,,,,,,,,,,,,,,,,,,,,,,,12.5,,,,
Zambia,ZMB,"Intentional homicides (per 100,000 people)",VC.IHR.PSRC.P5,,,,,,,,,,,,,,,,,,,,,,,,,,,,,,,,,,,,,,,9.006349683,10.77916143,,,,,,,,,5.3,6,5.8,,,,,,
Zimbabwe,ZWE,"Intentional homicides (per 100,000 people)",VC.IHR.PSRC.P5,,,,,,,,,,,,,,,,,,,,,,,,,,,,,,,,,,,,,,,,,,12.1,12.8,10.6,10.5,10.4,8.2,,,,5.1,,6.7,,,,
